-- -------------------------------------------------------------
-- TablePlus 5.8.2(528)
--
-- https://tableplus.com/
--
-- Database: Movies
-- Generation Time: 2024-01-23 15:12:12.6440
-- -------------------------------------------------------------


/*!40101 SET @OLD_CHARACTER_SET_CLIENT=@@CHARACTER_SET_CLIENT */;
/*!40101 SET @OLD_CHARACTER_SET_RESULTS=@@CHARACTER_SET_RESULTS */;
/*!40101 SET @OLD_COLLATION_CONNECTION=@@COLLATION_CONNECTION */;
/*!40101 SET NAMES utf8mb4 */;
/*!40014 SET @OLD_UNIQUE_CHECKS=@@UNIQUE_CHECKS, UNIQUE_CHECKS=0 */;
/*!40014 SET @OLD_FOREIGN_KEY_CHECKS=@@FOREIGN_KEY_CHECKS, FOREIGN_KEY_CHECKS=0 */;
/*!40101 SET @OLD_SQL_MODE=@@SQL_MODE, SQL_MODE='NO_AUTO_VALUE_ON_ZERO' */;
/*!40111 SET @OLD_SQL_NOTES=@@SQL_NOTES, SQL_NOTES=0 */;


CREATE TABLE `Banner` (
  `maBanner` int NOT NULL AUTO_INCREMENT,
  `maPhim` int DEFAULT NULL,
  `hinhAnh` varchar(225) DEFAULT NULL,
  `trailer` varchar(225) DEFAULT NULL,
  PRIMARY KEY (`maBanner`),
  KEY `FK_B_P` (`maPhim`),
  CONSTRAINT `FK_B_P` FOREIGN KEY (`maPhim`) REFERENCES `Phim` (`maPhim`)
) ENGINE=InnoDB AUTO_INCREMENT=4 DEFAULT CHARSET=utf8mb4 COLLATE=utf8mb4_0900_ai_ci;

CREATE TABLE `CumRap` (
  `maCumRap` varchar(100) NOT NULL,
  `tenCumRap` varchar(100) DEFAULT NULL,
  `diaChi` varchar(225) DEFAULT NULL,
  `maHeThongRap` char(16) DEFAULT NULL,
  PRIMARY KEY (`maCumRap`),
  KEY `FK_CR_HTR` (`maHeThongRap`),
  CONSTRAINT `FK_CR_HTR` FOREIGN KEY (`maHeThongRap`) REFERENCES `HeThongRap` (`maHeThongRap`)
) ENGINE=InnoDB DEFAULT CHARSET=utf8mb4 COLLATE=utf8mb4_0900_ai_ci;

CREATE TABLE `DatVe` (
  `taiKhoan` varchar(20) NOT NULL,
  `maLichChieu` int NOT NULL,
  `maGhe` int NOT NULL,
  PRIMARY KEY (`taiKhoan`,`maLichChieu`,`maGhe`),
  KEY `FK_DV_LC` (`maLichChieu`),
  KEY `FK_DV_G` (`maGhe`),
  CONSTRAINT `FK_DV_G` FOREIGN KEY (`maGhe`) REFERENCES `Ghe` (`maGhe`),
  CONSTRAINT `FK_DV_LC` FOREIGN KEY (`maLichChieu`) REFERENCES `LichChieu` (`maLichChieu`),
  CONSTRAINT `FK_DV_ND` FOREIGN KEY (`taiKhoan`) REFERENCES `NguoiDung` (`taiKhoan`)
) ENGINE=InnoDB DEFAULT CHARSET=utf8mb4 COLLATE=utf8mb4_0900_ai_ci;

CREATE TABLE `Ghe` (
  `maGhe` int NOT NULL,
  `tenGhe` char(3) DEFAULT NULL,
  `maRap` int DEFAULT NULL,
  `loaiGhe` char(10) DEFAULT NULL,
  `stt` char(3) DEFAULT NULL,
  `giaVe` int DEFAULT NULL,
  `daDat` tinyint(1) DEFAULT NULL,
  `taiKhoanNguoiDat` varchar(20) DEFAULT NULL,
  `maLichChieu` int DEFAULT NULL,
  PRIMARY KEY (`maGhe`),
  KEY `FK_G_RP` (`maRap`),
  KEY `FK_G_ND` (`taiKhoanNguoiDat`),
  CONSTRAINT `FK_G_ND` FOREIGN KEY (`taiKhoanNguoiDat`) REFERENCES `NguoiDung` (`taiKhoan`),
  CONSTRAINT `FK_G_RP` FOREIGN KEY (`maRap`) REFERENCES `RapPhim` (`maRap`)
) ENGINE=InnoDB DEFAULT CHARSET=utf8mb4 COLLATE=utf8mb4_0900_ai_ci;

CREATE TABLE `HeThongRap` (
  `maHeThongRap` char(16) NOT NULL,
  `tenHeThongRap` varchar(100) DEFAULT NULL,
  `biDanh` varchar(100) DEFAULT NULL,
  `logo` varchar(225) DEFAULT NULL,
  PRIMARY KEY (`maHeThongRap`)
) ENGINE=InnoDB DEFAULT CHARSET=utf8mb4 COLLATE=utf8mb4_0900_ai_ci;

CREATE TABLE `LichChieu` (
  `maLichChieu` int NOT NULL,
  `maPhim` int DEFAULT NULL,
  `maRap` int DEFAULT NULL,
  `ngayChieuGioChieu` datetime DEFAULT NULL,
  `giaVe` int DEFAULT NULL,
  `thoiLuong` int DEFAULT NULL,
  `maCumRap` varchar(100) DEFAULT NULL,
  `maHeThongRap` char(16) DEFAULT NULL,
  PRIMARY KEY (`maLichChieu`),
  UNIQUE KEY `PR_LC_RP` (`maRap`,`ngayChieuGioChieu`),
  KEY `FK_LC_P` (`maPhim`),
  KEY `FK_LC_FK` (`maCumRap`),
  KEY `FK_LC_HTR` (`maHeThongRap`),
  CONSTRAINT `FK_LC_FK` FOREIGN KEY (`maCumRap`) REFERENCES `CumRap` (`maCumRap`),
  CONSTRAINT `FK_LC_HTR` FOREIGN KEY (`maHeThongRap`) REFERENCES `HeThongRap` (`maHeThongRap`),
  CONSTRAINT `FK_LC_KK` FOREIGN KEY (`maRap`) REFERENCES `RapPhim` (`maRap`),
  CONSTRAINT `FK_LC_P` FOREIGN KEY (`maPhim`) REFERENCES `Phim` (`maPhim`)
) ENGINE=InnoDB DEFAULT CHARSET=utf8mb4 COLLATE=utf8mb4_0900_ai_ci;

CREATE TABLE `LoaiNguoiDung` (
  `maLoaiNguoiDung` varchar(25) NOT NULL,
  `tenLoaiNguoiDung` varchar(50) DEFAULT NULL,
  PRIMARY KEY (`maLoaiNguoiDung`)
) ENGINE=InnoDB DEFAULT CHARSET=utf8mb4 COLLATE=utf8mb4_0900_ai_ci;

CREATE TABLE `NguoiDung` (
  `taiKhoan` varchar(20) NOT NULL,
  `hoTen` varchar(50) DEFAULT NULL,
  `email` varchar(50) DEFAULT NULL,
  `soDT` varchar(12) DEFAULT NULL,
  `maLoaiNguoiDung` char(12) DEFAULT NULL,
  `matKhau` text,
  `accessToken` text,
  PRIMARY KEY (`taiKhoan`),
  UNIQUE KEY `email` (`email`),
  KEY `FK_ND_LND` (`maLoaiNguoiDung`),
  CONSTRAINT `FK_ND_LND` FOREIGN KEY (`maLoaiNguoiDung`) REFERENCES `LoaiNguoiDung` (`maLoaiNguoiDung`)
) ENGINE=InnoDB DEFAULT CHARSET=utf8mb4 COLLATE=utf8mb4_0900_ai_ci;

CREATE TABLE `Phim` (
  `maPhim` int NOT NULL,
  `tenPhim` varchar(100) DEFAULT NULL,
  `biDanh` varchar(100) DEFAULT NULL,
  `trailer` varchar(225) DEFAULT NULL,
  `hinhAnh` varchar(225) DEFAULT NULL,
  `moTa` varchar(600) DEFAULT NULL,
  `maNhom` char(4) DEFAULT NULL,
  `ngayKhoiChieu` datetime DEFAULT NULL,
  `danhGia` int DEFAULT NULL,
  `hot` tinyint(1) DEFAULT NULL,
  `dangChieu` tinyint(1) DEFAULT NULL,
  `sapChieu` tinyint(1) DEFAULT NULL,
  PRIMARY KEY (`maPhim`)
) ENGINE=InnoDB DEFAULT CHARSET=utf8mb4 COLLATE=utf8mb4_0900_ai_ci;

CREATE TABLE `RapPhim` (
  `maRap` int NOT NULL,
  `tenRap` varchar(225) DEFAULT NULL,
  `maCumRap` varchar(100) DEFAULT NULL,
  PRIMARY KEY (`maRap`),
  KEY `FK_RP_CR` (`maCumRap`),
  CONSTRAINT `FK_RP_CR` FOREIGN KEY (`maCumRap`) REFERENCES `CumRap` (`maCumRap`)
) ENGINE=InnoDB DEFAULT CHARSET=utf8mb4 COLLATE=utf8mb4_0900_ai_ci;

INSERT INTO `Banner` (`maBanner`, `maPhim`, `hinhAnh`, `trailer`) VALUES
(1, 1282, 'https://movienew.cybersoft.edu.vn/hinhanh/ban-tay-diet-quy.png', 'https://www.youtube.com/watch?v=8jraVtX821Q'),
(2, 1283, 'https://movienew.cybersoft.edu.vn/hinhanh/lat-mat-48h.png', 'https://www.youtube.com/watch?v=ZFoIBlb5BDw'),
(3, 1283, 'https://movienew.cybersoft.edu.vn/hinhanh/lat-mat-48h.png', 'https://www.youtube.com/watch?v=ZFoIBlb5BDw');

INSERT INTO `CumRap` (`maCumRap`, `tenCumRap`, `diaChi`, `maHeThongRap`) VALUES
('bhd-star-cineplex-3-2', 'BHD Star Cineplex - 3/2', 'L5-Vincom 3/2, 3C Đường 3/2, Q.10', 'BHDStar'),
('bhd-star-cineplex-bitexco', 'BHD Star Cineplex - Bitexco', 'L3-Bitexco Icon 68, 2 Hải Triều, Q.1', 'BHDStar'),
('bhd-star-cineplex-pham-hung', 'BHD Star Cineplex - Phạm Hùng', 'L4-Satra Phạm Hùng, C6/27 Phạm Hùng, Bình Chánh', 'BHDStar'),
('bhd-star-cineplex-vincom-le-van-viet', 'BHD Star Cineplex - Vincom Lê Văn Việt', 'L4-Vincom Plaza, 50 Lê Văn Việt, Q.9', 'BHDStar'),
('bhd-star-cineplex-vincom-quang-trung', 'BHD Star Cineplex - Vincom Quang Trung', 'B1-Vincom QT, 190 Quang Trung, Gò Vấp', 'BHDStar'),
('bhd-star-cineplex-vincom-thao-dien', 'BHD Star Cineplex - Vincom Thảo Điền', 'L5-Megamall, 159 XL Hà Nội, Q.2', 'BHDStar'),
('cgv-aeon-binh-tan', 'CGV - Aeon Bình Tân', 'Tầng 3, TTTM Aeon Mall Bình Tân, Số 1 đường số 17A, khu phố 11, Bình Trị Đông B, Bình Tân', 'CGV'),
('cgv-aeon-tan-phu', 'CGV - Aeon Tân Phú', '30 Bờ Bao Tân Thắng, Sơn Kỳ, Tân Phú', 'CGV'),
('cgv-cgv-saigonres-nguyen-xi', 'CGV - CGV Saigonres Nguyễn Xí', 'Tầng 4-5, Saigonres Plaza, 79/81 Nguyễn Xí, P. 26, Bình Thạnh', 'CGV'),
('cgv-crescent-mall', 'CGV - Crescent Mall', 'Lầu 5, Crescent Mall, Đại lộ Nguyễn Văn Linh, Phú Mỹ Hưng, Q. 7', 'CGV'),
('cgv-ct-plaza', 'CGV - CT Plaza', '60A Trường Sơn,P. 2, Tân Bình', 'CGV'),
('cgv-golden-plaza', 'CGV - Golden Plaza', 'Tầng 4, Trung tâm thương mại Golden Plaza, 922 Nguyễn Trãi, P. 14, Q. 5', 'CGV'),
('cgv-hoang-van-thu', 'CGV - Hoàng Văn Thụ', 'Tầng 1 và 2 Gala Center, 415 Hoàng Văn Thụ, P. 2, Tân Bình', 'CGV'),
('cgv-hung-vuong-plaza', 'CGV - Hùng Vương Plaza', 'Lầu 7, 126 Hùng Vương, Q. 5', 'CGV'),
('cgv-imc-tran-quang-khai', 'CGV - IMC Trần Quang Khải', 'T2&3, TTVH Đa Năng, 62 Trần Quang Khải, P.Tân Định, Q.1', 'CGV'),
('cgv-liberty-citypoint', 'CGV - Liberty Citypoint', 'Tầng M - 1, khách sạn Liberty Center Saigon Citypoint, 59 - 61 Pateur, Q. 1', 'CGV'),
('cgv-pandora-city', 'CGV - Pandora City', 'Lầu 3, Pandora City, 1/1 Trường Chinh, Tân Phú', 'CGV'),
('cgv-paragon', 'CGV - Paragon', 'Tầng 5, toà nhà Parkson Paragon, 03 Nguyễn Lương Bằng, Q. 7', 'CGV'),
('cgv-parkson-dong-khoi', 'CGV - Parkson Đồng Khởi', 'Tầng 5 Parkson Đồng Khởi, 35bis-45 Lê Thánh Tôn, Bến Nghé, Q.1', 'CGV'),
('cgv-pearl-plaza', 'CGV - Pearl Plaza', 'Lầu 5, Pearl Plaza, 561 Điện Biên Phủ, Bình Thạnh', 'CGV'),
('cgv-satra-cu-chi', 'CGV - Satra Củ Chi', 'T3, TTTM Satra Củ Chi, Số 1239, Tỉnh Lộ 8, Ấp Thạnh An, Trung An, Củ Chi, TP.HCM', 'CGV'),
('cgv-su-van-hanh', 'CGV - Sư Vạn Hạnh', 'T6 Vạn Hạnh Mall, 11 Sư Vạn Hạnh, Quận 10', 'CGV'),
('cgv-vincom-dong-khoi', 'CGV - Vincom Đồng Khởi', 'Tầng 3, TTTM Vincom Center B, 72 Lê Thánh Tôn, Bến Nghé, Q. 1', 'CGV'),
('cgv-vincom-go-vap', 'CGV - Vincom Gò Vấp', 'Tầng 5 TTTM Vincom Plaza Gò Vấp, 12 Phan Văn Trị, P. 7, Gò Vấp', 'CGV'),
('cgv-vincom-landmark-81', 'CGV - Vincom Landmark 81', 'T B1 , TTTM Vincom Center Landmark 81, 772 Điện Biên Phủ, P.22, Q. Bình Thạnh, HCM', 'CGV'),
('cgv-vincom-thu-duc', 'CGV - Vincom Thủ Đức', 'Tầng 5 Vincom Thủ Đức, 216 Võ Văn Ngân, Bình Thọ, Thủ Đức', 'CGV'),
('cgv-vivocity', 'CGV - VivoCity', 'Lầu 5, Trung tâm thương mại SC VivoCity - 1058 Nguyễn Văn Linh, Q. 7', 'CGV'),
('cns-hai-ba-trung', 'CNS - Hai Bà Trưng', '135 Hai Bà Trưng, Bến Nghé, Q.1', 'CineStar'),
('cns-quoc-thanh', 'CNS - Quốc Thanh', '271 Nguyễn Trãi, Q.1', 'CineStar'),
('glx-huynh-tan-phat', 'GLX - Huỳnh Tấn Phát', '1362 Huỳnh Tấn Phát, KP1, Phú Mỹ, Q. 7', 'Galaxy'),
('glx-kinh-duong-vuong', 'GLX - Kinh Dương Vương', '718bis Kinh Dương Vương, Q.6', 'Galaxy'),
('glx-nguyen-du', 'GLX - Nguyễn Du', '116 Nguyễn Du, Q.1', 'Galaxy'),
('glx-nguyen-van-qua', 'GLX - Nguyễn Văn Quá', '119B Nguyễn Văn Quá, Đông Hưng Thuận, Q.12, TPHCM', 'Galaxy'),
('glx-pham-van-chi', 'GLX - Phạm Văn Chí', 'Lầu 5, TTTM Platinum Plaza, 634 Phạm Văn Chí, Q.6', 'Galaxy'),
('glx-quang-trung', 'GLX - Quang Trung', 'L3-Co.opmart Foodcosa, 304A Quang Trung, Gò Vấp', 'Galaxy'),
('glx-tan-binh', 'GLX - Tân Bình', '246 Nguyễn Hồng Đào, Tân Bình', 'Galaxy'),
('glx-trung-chanh', 'GLX - Trung Chánh', 'TTVH Q12 – 09, Q L 22, Trung Mỹ Tây, Q.12', 'Galaxy'),
('lotte-cantavil', 'Lotte - Cantavil', 'L7-Cantavil Premier, Xa Lộ Hà Nội, Q.2', 'LotteCinima'),
('lotte-cong-hoa', 'Lotte - Cộng Hòa', 'L4-Pico Plaza, 20 Cộng Hòa, Tân Bình', 'LotteCinima'),
('lotte-diamond', 'Lotte - Diamond', 'L13-Diamond Plaza, 34 Lê Duẩn, Q.1', 'LotteCinima'),
('lotte-go-vap', 'Lotte - Gò Vấp', 'L3-Lotte Mart, 242 Nguyễn Văn Lượng, Gò Vấp', 'LotteCinima'),
('lotte-nam-sai-gon', 'Lotte - Nam Sài Gòn', 'L3-Lotte Mart NSG, 469 Nguyễn Hữu Thọ, Q.7', 'LotteCinima'),
('lotte-nowzone', 'Lotte - Nowzone', 'L5-Nowzone, 235 Nguyễn Văn Cừ, Q.1', 'LotteCinima'),
('lotte-phu-tho', 'Lotte - Phú Thọ', 'L4-Lotte Mart Phú Thọ, Q.11', 'LotteCinima'),
('lotte-thu-duc', 'Lotte - Thủ Đức', 'L2-Joy Citipoint, KCX Linh Trung, Thủ Đức', 'LotteCinima'),
('megags-cao-thang', 'MegaGS - Cao Thắng', '19 Cao Thắng, Q.3', 'MegaGS');

INSERT INTO `DatVe` (`taiKhoan`, `maLichChieu`, `maGhe`) VALUES
('sangphung1234', 16909, 52378),
('sangphung1234', 16909, 52379),
('sangphung1234', 16909, 52380),
('sangphung1234', 16909, 52384);

INSERT INTO `Ghe` (`maGhe`, `tenGhe`, `maRap`, `loaiGhe`, `stt`, `giaVe`, `daDat`, `taiKhoanNguoiDat`, `maLichChieu`) VALUES
(52361, '01', 482, 'Thuong', '01', 75000, 1, 'sangphung1234', 16909),
(52362, '02', 482, 'Thuong', '02', 75000, 1, 'sangphung1234', 16909),
(52363, '03', 482, 'Thuong', '03', 75000, 1, 'sangphung1234', 16909),
(52364, '04', 482, 'Thuong', '04', 75000, 1, 'sangphung1234', 16909),
(52365, '05', 482, 'Thuong', '05', 75000, 1, 'sangphung1234', 16909),
(52366, '06', 482, 'Thuong', '06', 75000, 1, 'sangphung1234', 16909),
(52367, '07', 482, 'Thuong', '07', 75000, 1, 'sangphung1234', 16909),
(52368, '08', 482, 'Thuong', '08', 75000, 1, 'sangphung1234', 16909),
(52369, '09', 482, 'Thuong', '09', 75000, 1, 'sangphung1234', 16909),
(52370, '10', 482, 'Thuong', '10', 75000, 1, 'sangphung1234', 16909),
(52371, '11', 482, 'Thuong', '11', 75000, 1, 'sangphung1234', 16909),
(52372, '12', 482, 'Thuong', '12', 75000, 1, 'sangphung1234', 16909),
(52373, '13', 482, 'Thuong', '13', 75000, 1, 'sangphung1234', 16909),
(52374, '14', 482, 'Thuong', '14', 75000, 1, 'sangphung1234', 16909),
(52375, '15', 482, 'Thuong', '15', 75000, 1, 'sangphung1234', 16909),
(52376, '16', 482, 'Thuong', '16', 75000, 1, 'sangphung1234', 16909),
(52377, '17', 482, 'Thuong', '17', 75000, 1, 'sangphung1234', 16909),
(52378, '18', 482, 'Thuong', '18', 75000, 1, 'sangphung1234', 16909),
(52379, '19', 482, 'Thuong', '19', 75000, 1, 'sangphung1234', 16909),
(52380, '20', 482, 'Thuong', '20', 75000, 1, 'sangphung1234', 16909),
(52381, '21', 482, 'Thuong', '21', 75000, 1, 'sangphung1234', 16909),
(52382, '22', 482, 'Thuong', '22', 75000, 1, 'sangphung1234', 16909),
(52383, '23', 482, 'Thuong', '23', 75000, 1, 'sangphung1234', 16909),
(52384, '24', 482, 'Thuong', '24', 75000, 1, 'sangphung1234', 16909),
(52385, '25', 482, 'Thuong', '25', 75000, 0, NULL, 16909),
(52386, '26', 482, 'Thuong', '26', 75000, 0, NULL, 16909),
(52387, '27', 482, 'Thuong', '27', 75000, 0, NULL, 16909),
(52388, '28', 482, 'Thuong', '28', 75000, 0, NULL, 16909),
(52389, '29', 482, 'Thuong', '29', 75000, 0, NULL, 16909),
(52390, '30', 482, 'Thuong', '30', 75000, 0, NULL, 16909),
(52391, '31', 482, 'Thuong', '31', 75000, 0, NULL, 16909),
(52392, '32', 482, 'Thuong', '32', 75000, 0, NULL, 16909),
(52393, '33', 482, 'Thuong', '33', 75000, 0, NULL, 16909),
(52394, '34', 482, 'Thuong', '34', 75000, 0, NULL, 16909),
(52395, '35', 482, 'Vip', '35', 90000, 0, NULL, 16909),
(52396, '36', 482, 'Vip', '36', 90000, 0, NULL, 16909),
(52397, '37', 482, 'Vip', '37', 90000, 0, NULL, 16909),
(52398, '38', 482, 'Vip', '38', 90000, 0, NULL, 16909),
(52399, '39', 482, 'Vip', '39', 90000, 0, NULL, 16909),
(52400, '40', 482, 'Vip', '40', 90000, 0, NULL, 16909),
(52411, '51', 482, 'Vip', '51', 90000, 0, NULL, 16909),
(52412, '52', 482, 'Vip', '52', 90000, 0, NULL, 16909),
(52413, '53', 482, 'Vip', '53', 90000, 0, NULL, 16909),
(52414, '54', 482, 'Vip', '54', 90000, 0, NULL, 16909),
(52415, '55', 482, 'Vip', '55', 90000, 0, NULL, 16909),
(52416, '56', 482, 'Vip', '56', 90000, 0, NULL, 16909),
(52417, '57', 482, 'Vip', '57', 90000, 0, NULL, 16909),
(52418, '58', 482, 'Vip', '58', 90000, 0, NULL, 16909),
(52419, '59', 482, 'Vip', '59', 90000, 0, NULL, 16909),
(52420, '60', 482, 'Vip', '60', 90000, 0, NULL, 16909),
(52421, '61', 482, 'Vip', '61', 90000, 0, NULL, 16909),
(52422, '62', 482, 'Vip', '62', 90000, 0, NULL, 16909),
(52423, '63', 482, 'Thuong', '63', 75000, 0, NULL, 16909),
(52424, '64', 482, 'Thuong', '64', 75000, 0, NULL, 16909),
(52425, '65', 482, 'Thuong', '65', 75000, 0, NULL, 16909),
(52426, '66', 482, 'Thuong', '66', 75000, 0, NULL, 16909),
(52427, '67', 482, 'Vip', '67', 90000, 0, NULL, 16909),
(52428, '68', 482, 'Vip', '68', 90000, 0, NULL, 16909),
(52429, '69', 482, 'Vip', '69', 90000, 0, NULL, 16909),
(52430, '70', 482, 'Vip', '70', 90000, 0, NULL, 16909),
(52431, '71', 482, 'Vip', '71', 90000, 0, NULL, 16909),
(52432, '72', 482, 'Vip', '72', 90000, 0, NULL, 16909),
(52433, '73', 482, 'Vip', '73', 90000, 0, NULL, 16909),
(52434, '74', 482, 'Vip', '74', 90000, 0, NULL, 16909),
(52435, '75', 482, 'Vip', '75', 90000, 0, NULL, 16909),
(52436, '76', 482, 'Vip', '76', 90000, 0, NULL, 16909),
(52437, '77', 482, 'Vip', '77', 90000, 0, NULL, 16909),
(52438, '78', 482, 'Vip', '78', 90000, 0, NULL, 16909),
(52439, '79', 482, 'Thuong', '79', 75000, 0, NULL, 16909),
(52440, '80', 482, 'Thuong', '80', 75000, 0, NULL, 16909),
(52441, '81', 482, 'Thuong', '81', 75000, 0, NULL, 16909),
(52442, '82', 482, 'Thuong', '82', 75000, 0, NULL, 16909),
(52443, '83', 482, 'Vip', '83', 90000, 0, NULL, 16909),
(52444, '84', 482, 'Vip', '84', 90000, 0, NULL, 16909),
(52445, '85', 482, 'Vip', '85', 90000, 0, NULL, 16909),
(52446, '86', 482, 'Vip', '86', 90000, 0, NULL, 16909),
(52447, '87', 482, 'Vip', '87', 90000, 0, NULL, 16909),
(52448, '88', 482, 'Vip', '88', 90000, 0, NULL, 16909),
(52449, '89', 482, 'Vip', '89', 90000, 0, NULL, 16909),
(52450, '90', 482, 'Vip', '90', 90000, 0, NULL, 16909),
(52451, '91', 482, 'Vip', '91', 90000, 0, NULL, 16909),
(52452, '92', 482, 'Vip', '92', 90000, 0, NULL, 16909),
(52453, '93', 482, 'Vip', '93', 90000, 0, NULL, 16909),
(52454, '94', 482, 'Vip', '94', 90000, 0, NULL, 16909),
(52455, '95', 482, 'Thuong', '95', 75000, 0, NULL, 16909),
(52456, '96', 482, 'Thuong', '96', 75000, 0, NULL, 16909),
(52457, '97', 482, 'Thuong', '97', 75000, 0, NULL, 16909),
(52458, '98', 482, 'Thuong', '98', 75000, 0, NULL, 16909),
(52459, '99', 482, 'Vip', '99', 90000, 0, NULL, 16909),
(52460, '100', 482, 'Vip', '100', 90000, 0, NULL, 16909),
(52461, '101', 482, 'Vip', '101', 90000, 0, NULL, 16909),
(52462, '102', 482, 'Vip', '102', 90000, 0, NULL, 16909),
(52463, '103', 482, 'Vip', '103', 90000, 0, NULL, 16909),
(52464, '104', 482, 'Vip', '104', 90000, 0, NULL, 16909),
(52465, '105', 482, 'Vip', '105', 90000, 0, NULL, 16909),
(52466, '106', 482, 'Vip', '106', 90000, 0, NULL, 16909),
(52467, '107', 482, 'Vip', '107', 90000, 0, NULL, 16909),
(52468, '108', 482, 'Vip', '108', 90000, 0, NULL, 16909),
(52469, '109', 482, 'Vip', '109', 90000, 0, NULL, 16909),
(52470, '110', 482, 'Vip', '110', 90000, 0, NULL, 16909),
(52471, '111', 482, 'Thuong', '111', 75000, 0, NULL, 16909),
(52472, '112', 482, 'Thuong', '112', 75000, 0, NULL, 16909),
(52473, '113', 482, 'Thuong', '113', 75000, 0, NULL, 16909),
(52474, '114', 482, 'Thuong', '114', 75000, 0, NULL, 16909),
(52475, '115', 482, 'Vip', '115', 90000, 0, NULL, 16909),
(52476, '116', 482, 'Vip', '116', 90000, 0, NULL, 16909),
(52477, '117', 482, 'Vip', '117', 90000, 0, NULL, 16909),
(52478, '118', 482, 'Vip', '118', 90000, 0, NULL, 16909),
(52479, '119', 482, 'Vip', '119', 90000, 0, NULL, 16909),
(52480, '120', 482, 'Vip', '120', 90000, 0, NULL, 16909),
(52481, '121', 482, 'Vip', '121', 90000, 0, NULL, 16909),
(52482, '122', 482, 'Vip', '122', 90000, 0, NULL, 16909),
(52483, '123', 482, 'Vip', '123', 90000, 0, NULL, 16909),
(52484, '124', 482, 'Vip', '124', 90000, 0, NULL, 16909),
(52485, '125', 482, 'Vip', '125', 90000, 0, NULL, 16909),
(52486, '126', 482, 'Vip', '126', 90000, 0, NULL, 16909),
(52487, '127', 482, 'Thuong', '127', 75000, 0, NULL, 16909),
(52488, '128', 482, 'Thuong', '128', 75000, 0, NULL, 16909),
(52489, '129', 482, 'Thuong', '129', 75000, 0, NULL, 16909),
(52490, '130', 482, 'Thuong', '130', 75000, 0, NULL, 16909),
(52491, '131', 482, 'Thuong', '131', 75000, 0, NULL, 16909),
(52492, '132', 482, 'Thuong', '132', 75000, 0, NULL, 16909),
(52493, '133', 482, 'Thuong', '133', 75000, 0, NULL, 16909),
(52494, '134', 482, 'Thuong', '134', 75000, 0, NULL, 16909),
(52495, '135', 482, 'Thuong', '135', 75000, 0, NULL, 16909),
(52496, '136', 482, 'Thuong', '136', 75000, 0, NULL, 16909),
(52497, '137', 482, 'Thuong', '137', 75000, 0, NULL, 16909),
(52498, '138', 482, 'Thuong', '138', 75000, 0, NULL, 16909),
(52499, '139', 482, 'Thuong', '139', 75000, 0, NULL, 16909),
(52500, '140', 482, 'Thuong', '140', 75000, 0, NULL, 16909),
(52501, '141', 482, 'Thuong', '141', 75000, 0, NULL, 16909),
(52502, '142', 482, 'Thuong', '142', 75000, 0, NULL, 16909),
(52503, '143', 482, 'Thuong', '143', 75000, 0, NULL, 16909),
(52504, '144', 482, 'Thuong', '144', 75000, 0, NULL, 16909),
(52505, '145', 482, 'Thuong', '145', 75000, 0, NULL, 16909),
(52506, '146', 482, 'Thuong', '146', 75000, 0, NULL, 16909),
(52507, '147', 482, 'Thuong', '147', 75000, 0, NULL, 16909),
(52508, '148', 482, 'Thuong', '148', 75000, 0, NULL, 16909),
(52509, '149', 482, 'Thuong', '149', 75000, 0, NULL, 16909),
(52510, '150', 482, 'Thuong', '150', 75000, 0, NULL, 16909),
(52511, '151', 482, 'Thuong', '151', 75000, 0, NULL, 16909),
(52512, '152', 482, 'Thuong', '152', 75000, 0, NULL, 16909),
(52513, '153', 482, 'Thuong', '153', 75000, 0, NULL, 16909),
(52514, '154', 482, 'Thuong', '154', 75000, 0, NULL, 16909),
(52515, '155', 482, 'Thuong', '155', 75000, 0, NULL, 16909),
(52516, '156', 482, 'Thuong', '156', 75000, 0, NULL, 16909),
(52517, '157', 482, 'Thuong', '157', 75000, 0, NULL, 16909),
(52518, '158', 482, 'Thuong', '158', 75000, 0, NULL, 16909),
(52519, '159', 482, 'Thuong', '159', 75000, 0, NULL, 16909),
(52520, '160', 482, 'Thuong', '160', 75000, 0, NULL, 16909);

INSERT INTO `HeThongRap` (`maHeThongRap`, `tenHeThongRap`, `biDanh`, `logo`) VALUES
('BHDStar', 'BHD Star Cineplex', 'bhd-star-cineplex', 'https://movienew.cybersoft.edu.vn/hinhanh/bhd-star-cineplex.png'),
('CGV', 'cgv', 'cgv', 'https://movienew.cybersoft.edu.vn/hinhanh/cgv.png'),
('CineStar', 'CineStar', 'cinestar', 'https://movienew.cybersoft.edu.vn/hinhanh/cinestar.png'),
('Galaxy', 'Galaxy Cinema', 'galaxy-cinema', 'https://movienew.cybersoft.edu.vn/hinhanh/galaxy-cinema.png'),
('LotteCinima', 'Lotte Cinema', 'lotte-cinema', 'https://movienew.cybersoft.edu.vn/hinhanh/lotte-cinema.png'),
('MegaGS', 'MegaGS', 'megags', 'https://movienew.cybersoft.edu.vn/hinhanh/megags.png');

INSERT INTO `LichChieu` (`maLichChieu`, `maPhim`, `maRap`, `ngayChieuGioChieu`, `giaVe`, `thoiLuong`, `maCumRap`, `maHeThongRap`) VALUES
(16909, 1329, 482, '2019-01-01 10:10:00', 75000, 120, 'bhd-star-cineplex-vincom-le-van-viet', 'BHDStar'),
(16910, 1329, 482, '2019-01-02 12:10:00', 75000, 120, 'bhd-star-cineplex-vincom-le-van-viet', 'BHDStar'),
(16911, 1329, 482, '2019-01-03 14:10:00', 75000, 120, 'bhd-star-cineplex-vincom-le-van-viet', 'BHDStar'),
(16912, 1329, 482, '2019-01-04 16:10:00', 75000, 120, 'bhd-star-cineplex-vincom-le-van-viet', 'BHDStar'),
(16913, 1329, 482, '2019-01-05 18:10:00', 75000, 120, 'bhd-star-cineplex-vincom-le-van-viet', 'BHDStar'),
(16914, 1329, 482, '2019-01-06 20:10:00', 75000, 120, 'bhd-star-cineplex-vincom-le-van-viet', 'BHDStar'),
(16915, 1329, 482, '2019-01-07 10:10:00', 75000, 120, 'bhd-star-cineplex-vincom-le-van-viet', 'BHDStar'),
(16916, 1329, 482, '2019-01-08 12:10:00', 75000, 120, 'bhd-star-cineplex-vincom-le-van-viet', 'BHDStar'),
(16917, 1329, 482, '2019-01-09 14:10:00', 75000, 120, 'bhd-star-cineplex-vincom-le-van-viet', 'BHDStar'),
(16918, 1329, 482, '2019-01-10 16:10:00', 75000, 120, 'bhd-star-cineplex-vincom-le-van-viet', 'BHDStar'),
(16919, 1329, 482, '2019-01-11 18:10:00', 75000, 120, 'bhd-star-cineplex-vincom-le-van-viet', 'BHDStar'),
(16920, 1329, 482, '2019-01-12 20:10:00', 75000, 120, 'bhd-star-cineplex-vincom-le-van-viet', 'BHDStar'),
(16921, 1329, 482, '2019-01-13 10:10:00', 75000, 120, 'bhd-star-cineplex-vincom-le-van-viet', 'BHDStar'),
(16922, 1329, 482, '2019-01-14 12:10:00', 75000, 120, 'bhd-star-cineplex-vincom-le-van-viet', 'BHDStar'),
(16923, 1329, 482, '2019-01-15 14:10:00', 75000, 120, 'bhd-star-cineplex-vincom-le-van-viet', 'BHDStar'),
(16924, 1329, 482, '2019-01-16 16:10:00', 75000, 120, 'bhd-star-cineplex-vincom-le-van-viet', 'BHDStar'),
(16925, 1329, 482, '2019-01-17 18:10:00', 75000, 120, 'bhd-star-cineplex-vincom-le-van-viet', 'BHDStar'),
(16926, 1329, 482, '2019-01-18 20:10:00', 75000, 120, 'bhd-star-cineplex-vincom-le-van-viet', 'BHDStar'),
(16927, 1329, 482, '2019-01-19 10:10:00', 75000, 120, 'bhd-star-cineplex-vincom-le-van-viet', 'BHDStar'),
(16928, 1329, 482, '2019-01-20 12:10:00', 75000, 120, 'bhd-star-cineplex-vincom-le-van-viet', 'BHDStar'),
(16929, 1329, 482, '2019-01-21 14:10:00', 75000, 120, 'bhd-star-cineplex-vincom-le-van-viet', 'BHDStar'),
(16930, 1329, 482, '2019-01-22 16:10:00', 75000, 120, 'bhd-star-cineplex-vincom-le-van-viet', 'BHDStar'),
(16931, 1329, 482, '2019-01-23 18:10:00', 75000, 120, 'bhd-star-cineplex-vincom-le-van-viet', 'BHDStar'),
(16932, 1329, 482, '2019-01-24 20:10:00', 75000, 120, 'bhd-star-cineplex-vincom-le-van-viet', 'BHDStar'),
(16933, 1329, 482, '2019-01-25 10:10:00', 75000, 120, 'bhd-star-cineplex-vincom-le-van-viet', 'BHDStar'),
(16934, 1329, 482, '2019-01-26 12:10:00', 75000, 120, 'bhd-star-cineplex-vincom-le-van-viet', 'BHDStar'),
(16935, 1329, 482, '2019-01-27 14:10:00', 75000, 120, 'bhd-star-cineplex-vincom-le-van-viet', 'BHDStar'),
(16936, 1329, 482, '2019-01-28 14:10:00', 75000, 120, 'bhd-star-cineplex-vincom-le-van-viet', 'BHDStar'),
(16937, 1329, 482, '2019-01-29 18:10:00', 75000, 120, 'bhd-star-cineplex-vincom-le-van-viet', 'BHDStar'),
(16938, 1329, 482, '2019-01-29 20:10:00', 75000, 120, 'bhd-star-cineplex-vincom-le-van-viet', 'BHDStar'),
(16939, 1329, 482, '2019-01-31 10:10:00', 75000, 120, 'bhd-star-cineplex-vincom-le-van-viet', 'BHDStar'),
(16940, 1329, 482, '2019-02-01 12:10:00', 75000, 120, 'bhd-star-cineplex-vincom-le-van-viet', 'BHDStar'),
(16941, 1329, 482, '2019-02-01 14:10:00', 75000, 120, 'bhd-star-cineplex-vincom-le-van-viet', 'BHDStar'),
(16942, 1329, 482, '2019-02-01 16:10:00', 75000, 120, 'bhd-star-cineplex-vincom-le-van-viet', 'BHDStar'),
(16943, 1329, 482, '2019-02-01 18:10:00', 75000, 120, 'bhd-star-cineplex-vincom-le-van-viet', 'BHDStar'),
(16944, 1329, 482, '2019-02-02 18:10:00', 75000, 120, 'bhd-star-cineplex-vincom-le-van-viet', 'BHDStar'),
(16945, 1329, 482, '2019-02-03 10:10:00', 75000, 120, 'bhd-star-cineplex-vincom-le-van-viet', 'BHDStar'),
(16946, 1329, 482, '2019-02-03 12:10:00', 75000, 120, 'bhd-star-cineplex-vincom-le-van-viet', 'BHDStar'),
(16947, 1329, 482, '2019-02-03 14:10:00', 75000, 120, 'bhd-star-cineplex-vincom-le-van-viet', 'BHDStar'),
(16948, 1329, 482, '2019-02-03 16:10:00', 75000, 120, 'bhd-star-cineplex-vincom-le-van-viet', 'BHDStar'),
(16949, 1329, 482, '2019-02-03 18:10:00', 75000, 120, 'bhd-star-cineplex-vincom-le-van-viet', 'BHDStar'),
(16950, 1329, 482, '2019-02-03 20:10:00', 75000, 120, 'bhd-star-cineplex-vincom-le-van-viet', 'BHDStar'),
(16951, 1329, 482, '2019-02-04 10:10:00', 75000, 120, 'bhd-star-cineplex-vincom-le-van-viet', 'BHDStar'),
(16952, 1329, 482, '2019-02-04 12:10:00', 75000, 120, 'bhd-star-cineplex-vincom-le-van-viet', 'BHDStar'),
(16953, 1329, 482, '2019-02-04 14:10:00', 75000, 120, 'bhd-star-cineplex-vincom-le-van-viet', 'BHDStar'),
(16954, 1329, 482, '2019-02-04 16:10:00', 75000, 120, 'bhd-star-cineplex-vincom-le-van-viet', 'BHDStar'),
(16955, 1329, 482, '2019-02-04 18:10:00', 75000, 120, 'bhd-star-cineplex-vincom-le-van-viet', 'BHDStar'),
(16956, 1329, 482, '2019-02-04 20:10:00', 75000, 120, 'bhd-star-cineplex-vincom-le-van-viet', 'BHDStar'),
(16957, 1329, 482, '2019-02-05 10:10:00', 75000, 120, 'bhd-star-cineplex-vincom-le-van-viet', 'BHDStar'),
(16958, 1329, 482, '2019-02-05 12:10:00', 75000, 120, 'bhd-star-cineplex-vincom-le-van-viet', 'BHDStar'),
(16959, 1329, 482, '2019-02-09 14:10:00', 75000, 120, 'bhd-star-cineplex-vincom-le-van-viet', 'BHDStar'),
(16960, 1329, 482, '2019-02-09 16:10:00', 75000, 120, 'bhd-star-cineplex-vincom-le-van-viet', 'BHDStar'),
(16961, 1329, 482, '2019-02-09 18:10:00', 75000, 120, 'bhd-star-cineplex-vincom-le-van-viet', 'BHDStar'),
(16962, 1329, 482, '2019-02-09 20:10:00', 75000, 120, 'bhd-star-cineplex-vincom-le-van-viet', 'BHDStar'),
(30727, 1329, 738, '2019-01-01 10:10:00', 75000, 120, 'cns-quoc-thanh', 'CineStar'),
(30728, 1329, 738, '2019-01-01 12:10:00', 75000, 120, 'cns-quoc-thanh', 'CineStar'),
(30729, 1329, 738, '2019-01-01 14:10:00', 75000, 120, 'cns-quoc-thanh', 'CineStar'),
(30730, 1329, 738, '2019-01-01 16:10:00', 75000, 120, 'cns-quoc-thanh', 'CineStar'),
(30731, 1329, 738, '2019-01-01 18:10:00', 75000, 120, 'cns-quoc-thanh', 'CineStar'),
(30732, 1329, 738, '2019-01-01 20:10:00', 75000, 120, 'cns-quoc-thanh', 'CineStar'),
(30733, 1329, 738, '2019-01-02 10:10:00', 75000, 120, 'cns-quoc-thanh', 'CineStar'),
(30734, 1329, 738, '2019-01-02 12:10:00', 75000, 120, 'cns-quoc-thanh', 'CineStar'),
(30735, 1329, 738, '2019-01-02 14:10:00', 75000, 120, 'cns-quoc-thanh', 'CineStar'),
(30736, 1329, 738, '2019-01-02 16:10:00', 75000, 120, 'cns-quoc-thanh', 'CineStar'),
(30737, 1329, 738, '2019-01-02 18:10:00', 75000, 120, 'cns-quoc-thanh', 'CineStar'),
(30738, 1329, 738, '2019-01-02 20:10:00', 75000, 120, 'cns-quoc-thanh', 'CineStar'),
(30739, 1329, 738, '2019-01-03 10:10:00', 75000, 120, 'cns-quoc-thanh', 'CineStar'),
(30740, 1329, 738, '2019-01-03 12:10:00', 75000, 120, 'cns-quoc-thanh', 'CineStar'),
(30741, 1329, 738, '2019-01-03 14:10:00', 75000, 120, 'cns-quoc-thanh', 'CineStar'),
(30742, 1329, 738, '2019-01-04 10:10:00', 75000, 120, 'cns-quoc-thanh', 'CineStar'),
(30743, 1329, 738, '2019-01-04 12:10:00', 75000, 120, 'cns-quoc-thanh', 'CineStar'),
(30744, 1329, 738, '2019-01-04 14:10:00', 75000, 120, 'cns-quoc-thanh', 'CineStar'),
(30745, 1329, 738, '2019-01-04 16:10:00', 75000, 120, 'cns-quoc-thanh', 'CineStar'),
(30746, 1329, 738, '2019-01-04 18:10:00', 75000, 120, 'cns-quoc-thanh', 'CineStar'),
(30747, 1329, 738, '2019-01-04 20:10:00', 75000, 120, 'cns-quoc-thanh', 'CineStar'),
(30748, 1329, 738, '2019-01-05 16:10:00', 75000, 120, 'cns-quoc-thanh', 'CineStar'),
(30749, 1329, 738, '2019-01-05 18:10:00', 75000, 120, 'cns-quoc-thanh', 'CineStar'),
(30750, 1329, 738, '2019-01-05 20:10:00', 75000, 120, 'cns-quoc-thanh', 'CineStar'),
(30751, 1329, 738, '2019-01-06 10:10:00', 75000, 120, 'cns-quoc-thanh', 'CineStar'),
(30752, 1329, 738, '2019-01-06 12:10:00', 75000, 120, 'cns-quoc-thanh', 'CineStar'),
(30753, 1329, 738, '2019-01-06 14:10:00', 75000, 120, 'cns-quoc-thanh', 'CineStar'),
(30754, 1329, 738, '2019-01-06 16:10:00', 75000, 120, 'cns-quoc-thanh', 'CineStar'),
(30755, 1329, 738, '2019-01-06 18:10:00', 75000, 120, 'cns-quoc-thanh', 'CineStar'),
(30756, 1329, 738, '2019-01-06 20:10:00', 75000, 120, 'cns-quoc-thanh', 'CineStar'),
(30757, 1329, 738, '2019-01-07 10:10:00', 75000, 120, 'cns-quoc-thanh', 'CineStar'),
(30758, 1329, 738, '2019-01-07 12:10:00', 75000, 120, 'cns-quoc-thanh', 'CineStar'),
(30759, 1329, 738, '2019-01-07 14:10:00', 75000, 120, 'cns-quoc-thanh', 'CineStar'),
(30760, 1329, 738, '2019-01-07 16:10:00', 75000, 120, 'cns-quoc-thanh', 'CineStar'),
(30761, 1329, 738, '2019-01-07 18:10:00', 75000, 120, 'cns-quoc-thanh', 'CineStar'),
(30762, 1329, 738, '2019-01-07 20:10:00', 75000, 120, 'cns-quoc-thanh', 'CineStar'),
(30763, 1329, 738, '2019-01-08 10:10:00', 75000, 120, 'cns-quoc-thanh', 'CineStar'),
(30764, 1329, 738, '2019-01-08 12:10:00', 75000, 120, 'cns-quoc-thanh', 'CineStar'),
(30765, 1329, 738, '2019-01-08 14:10:00', 75000, 120, 'cns-quoc-thanh', 'CineStar'),
(30766, 1329, 738, '2019-01-08 16:10:00', 75000, 120, 'cns-quoc-thanh', 'CineStar'),
(30767, 1329, 738, '2019-01-08 18:10:00', 75000, 120, 'cns-quoc-thanh', 'CineStar'),
(30768, 1329, 738, '2019-01-08 20:10:00', 75000, 120, 'cns-quoc-thanh', 'CineStar'),
(30769, 1329, 738, '2019-01-09 10:10:00', 75000, 120, 'cns-quoc-thanh', 'CineStar'),
(30770, 1329, 738, '2019-01-09 12:10:00', 75000, 120, 'cns-quoc-thanh', 'CineStar'),
(30771, 1329, 738, '2019-01-09 14:10:00', 75000, 120, 'cns-quoc-thanh', 'CineStar'),
(30772, 1329, 738, '2019-01-09 16:10:00', 75000, 120, 'cns-quoc-thanh', 'CineStar'),
(30773, 1329, 738, '2019-01-09 18:10:00', 75000, 120, 'cns-quoc-thanh', 'CineStar'),
(30774, 1329, 738, '2019-01-09 20:10:00', 75000, 120, 'cns-quoc-thanh', 'CineStar'),
(30775, 1329, 738, '2019-01-10 10:10:00', 75000, 120, 'cns-quoc-thanh', 'CineStar'),
(30776, 1329, 738, '2019-01-10 12:10:00', 75000, 120, 'cns-quoc-thanh', 'CineStar'),
(30777, 1329, 738, '2019-01-10 14:10:00', 75000, 120, 'cns-quoc-thanh', 'CineStar'),
(30778, 1329, 738, '2019-01-10 20:10:00', 75000, 120, 'cns-quoc-thanh', 'CineStar'),
(30779, 1329, 738, '2019-01-11 20:10:00', 75000, 120, 'cns-quoc-thanh', 'CineStar'),
(30780, 1329, 738, '2019-01-12 20:10:00', 75000, 120, 'cns-quoc-thanh', 'CineStar'),
(40278, 1329, 467, '2020-08-24 05:30:00', 90000, 120, 'bhd-star-cineplex-bitexco', 'BHDStar'),
(40745, 1329, 481, '2020-11-17 00:00:00', 101000, 120, 'bhd-star-cineplex-vincom-le-van-viet', 'BHDStar'),
(40747, 1329, 511, '2020-11-04 01:00:00', 80000, 120, 'cgv-aeon-binh-tan', 'CGV'),
(41358, 1329, 511, '2021-01-07 12:03:46', 75000, 120, 'cgv-aeon-binh-tan', 'CGV'),
(41474, 1329, 452, '2021-01-12 12:17:00', 90000, 120, 'bhd-star-cineplex-3-2', 'BHDStar'),
(42138, 1329, 734, '2021-03-14 04:25:00', 80000, 120, 'cns-quoc-thanh', 'CineStar'),
(42139, 1329, 738, '2021-03-14 01:26:00', 80000, 120, 'cns-quoc-thanh', 'CineStar'),
(42141, 1329, 463, '2021-03-14 04:47:00', 80000, 120, 'bhd-star-cineplex-bitexco', 'BHDStar'),
(42142, 1329, 737, '2021-03-14 03:29:00', 80000, 120, 'cns-quoc-thanh', 'CineStar'),
(42830, 1329, 451, '2020-04-22 15:30:00', 75000, 120, 'bhd-star-cineplex-3-2', 'BHDStar'),
(42831, 1329, 451, '2020-04-23 16:30:00', 75000, 120, 'bhd-star-cineplex-3-2', 'BHDStar'),
(42832, 1329, 451, '2021-04-23 16:30:00', 75000, 120, 'bhd-star-cineplex-3-2', 'BHDStar'),
(42833, 1329, 451, '2021-04-22 16:30:00', 75000, 120, 'bhd-star-cineplex-3-2', 'BHDStar'),
(42834, 1329, 452, '2021-04-22 20:30:00', 75000, 120, 'bhd-star-cineplex-3-2', 'BHDStar'),
(42835, 1329, 453, '2021-04-22 20:30:00', 75000, 120, 'bhd-star-cineplex-3-2', 'BHDStar'),
(42836, 1329, 454, '2021-04-22 21:30:00', 75000, 120, 'bhd-star-cineplex-3-2', 'BHDStar'),
(42837, 1329, 500, '2021-04-22 21:30:00', 75000, 120, 'bhd-star-cineplex-vincom-quang-trung', 'BHDStar'),
(42838, 1329, 511, '2021-04-22 16:30:00', 75000, 120, 'cgv-aeon-binh-tan', 'CGV'),
(42839, 1329, 512, '2021-04-22 17:30:00', 75000, 120, 'cgv-aeon-binh-tan', 'CGV'),
(42840, 1329, 512, '2021-04-30 17:30:00', 75000, 120, 'cgv-aeon-binh-tan', 'CGV'),
(42841, 1329, 513, '2021-04-30 18:30:00', 75000, 120, 'cgv-aeon-binh-tan', 'CGV'),
(42842, 1329, 514, '2021-04-30 20:30:00', 75000, 120, 'cgv-aeon-binh-tan', 'CGV'),
(42843, 1329, 515, '2021-04-30 21:30:00', 75000, 120, 'cgv-aeon-binh-tan', 'CGV'),
(42844, 1329, 451, '2021-04-30 10:00:00', 75000, 120, 'bhd-star-cineplex-3-2', 'BHDStar'),
(42845, 1329, 452, '2021-04-30 11:00:00', 75000, 120, 'bhd-star-cineplex-3-2', 'BHDStar'),
(42846, 1329, 501, '2021-04-30 11:05:00', 75000, 120, 'bhd-star-cineplex-vincom-thao-dien', 'BHDStar'),
(42847, 1329, 502, '2021-04-30 12:05:00', 75000, 120, 'bhd-star-cineplex-vincom-thao-dien', 'BHDStar'),
(42931, 1329, 451, '2021-05-20 13:30:00', 75000, 120, 'bhd-star-cineplex-3-2', 'BHDStar'),
(42932, 1329, 452, '2021-05-20 14:30:00', 75000, 120, 'bhd-star-cineplex-3-2', 'BHDStar'),
(42933, 1329, 453, '2021-05-20 15:30:00', 75000, 120, 'bhd-star-cineplex-3-2', 'BHDStar'),
(42934, 1329, 456, '2021-05-20 16:30:00', 75000, 120, 'bhd-star-cineplex-3-2', 'BHDStar'),
(42935, 1329, 462, '2021-05-20 10:45:00', 75000, 120, 'bhd-star-cineplex-bitexco', 'BHDStar'),
(42936, 1329, 463, '2021-05-20 11:45:00', 75000, 120, 'bhd-star-cineplex-bitexco', 'BHDStar'),
(42937, 1329, 464, '2021-05-20 12:45:00', 75000, 120, 'bhd-star-cineplex-bitexco', 'BHDStar'),
(42943, 1329, 471, '2021-05-20 16:45:00', 75000, 120, 'bhd-star-cineplex-pham-hung', 'BHDStar'),
(42944, 1329, 472, '2021-05-20 13:45:00', 75000, 120, 'bhd-star-cineplex-pham-hung', 'BHDStar'),
(42945, 1329, 473, '2021-05-20 14:45:00', 75000, 120, 'bhd-star-cineplex-pham-hung', 'BHDStar'),
(42946, 1329, 474, '2021-05-20 16:45:00', 75000, 120, 'bhd-star-cineplex-pham-hung', 'BHDStar'),
(42947, 1329, 475, '2021-05-20 16:30:00', 75000, 120, 'bhd-star-cineplex-pham-hung', 'BHDStar'),
(42958, 1329, 732, '2021-05-20 16:30:00', 75000, 120, 'cns-quoc-thanh', 'CineStar'),
(42960, 1329, 733, '2021-05-20 12:30:00', 75000, 120, 'cns-quoc-thanh', 'CineStar'),
(42961, 1329, 734, '2021-05-20 12:30:00', 75000, 120, 'cns-quoc-thanh', 'CineStar'),
(42962, 1329, 736, '2021-05-20 15:30:00', 75000, 120, 'cns-quoc-thanh', 'CineStar'),
(42963, 1329, 738, '2021-05-20 17:30:00', 75000, 120, 'cns-quoc-thanh', 'CineStar'),
(42964, 1329, 739, '2021-05-20 20:30:00', 75000, 120, 'cns-quoc-thanh', 'CineStar'),
(43007, 1329, 482, '2021-06-06 12:10:00', 75000, 120, 'bhd-star-cineplex-vincom-le-van-viet', 'BHDStar'),
(43008, 1329, 482, '2021-07-06 12:10:00', 75000, 120, 'bhd-star-cineplex-vincom-le-van-viet', 'BHDStar'),
(43026, 1329, 453, '2021-05-24 03:04:50', 99000, 120, 'bhd-star-cineplex-3-2', 'BHDStar'),
(43040, 1329, 564, '2021-05-29 14:00:21', 200000, 120, 'cgv-golden-plaza', 'CGV'),
(43073, 1329, 533, '2021-05-28 21:33:00', 75000, 120, 'cgv-cgv-saigonres-nguyen-xi', 'CGV'),
(43167, 13686, 457, '2023-01-24 03:10:00', 75000, 120, 'bhd-star-cineplex-3-2', 'BHDStar'),
(43168, 1329, 473, '2021-06-20 08:30:00', 105000, 120, 'bhd-star-cineplex-pham-hung', 'BHDStar'),
(43169, 13686, 458, '2023-01-24 03:10:00', 75000, 120, 'bhd-star-cineplex-3-2', 'BHDStar'),
(43170, 13686, 459, '2023-01-24 03:10:00', 75000, 120, 'bhd-star-cineplex-3-2', 'BHDStar'),
(43171, 13686, 459, '2023-01-24 05:10:00', 75000, 120, 'bhd-star-cineplex-3-2', 'BHDStar'),
(43172, 13686, 459, '2023-01-25 05:10:00', 75000, 120, 'bhd-star-cineplex-3-2', 'BHDStar');

INSERT INTO `LoaiNguoiDung` (`maLoaiNguoiDung`, `tenLoaiNguoiDung`) VALUES
('Admin', 'Quản Trị'),
('KhachHang', 'Khách Hàng');

INSERT INTO `NguoiDung` (`taiKhoan`, `hoTen`, `email`, `soDT`, `maLoaiNguoiDung`, `matKhau`, `accessToken`) VALUES
('daotruong1234', 'Trương Anh Đào', 'daotruong1234@gmail.com', '0977123123', 'KhachHang', '$2b$10$W5wx.C8RiTr/d4CkL8VmbOoyn6vLgPQZ8KI594WJOVAuTaabxcnea', 'eyJhbGciOiJIUzI1NiIsInR5cCI6IkpXVCJ9.eyJkYXRhIjp7InRhaUtob2FuIjoiZGFvdHJ1b25nMTIzNCIsImVtYWlsIjoiZGFvdHJ1b25nMTIzNEBnbWFpbC5jb20iLCJtYUxvYWlOZ3VvaUR1bmciOiJLaGFjaEhhbmciLCJrZXkiOjE3MDU5ODIzMzgxNzN9LCJpYXQiOjE3MDU5ODIzMzgsImV4cCI6MTcwNjg0NjMzOH0.EzDVqVBJeS_SdZCHth5MaYe6ItjvpipxIpq9_LFJ-do'),
('Phamanh1234', 'Phạm Phương Anh', 'phamanh1234@gmail.com', '0977123123', 'KhachHang', '$2b$10$lGumBJhZZz9FKg2kzdvFG.EM55lBEOdQOffArhRpZDaJmWaLy2Eei', 'eyJhbGciOiJIUzI1NiIsInR5cCI6IkpXVCJ9.eyJkYXRhIjp7InRhaUtob2FuIjoiUGhhbWFuaDEyMzQiLCJlbWFpbCI6InBoYW1hbmgxMjM0QGdtYWlsLmNvbSIsIm1hTG9haU5ndW9pRHVuZyI6IktoYWNoSGFuZyIsImtleSI6MTcwNTk3OTIwMjA4M30sImlhdCI6MTcwNTk3OTIwMiwiZXhwIjoxNzA2ODQzMjAyfQ.9TjWSs3imt7x0849gq1DCMqAinfP0um8EwJ_fBf_qXA'),
('sangphung1234', 'Phùng Quang Sáng', 'sangphung1234@gmail.com', '0977123123', 'KhachHang', '$2b$10$cjb7uF8dTWt5STNNDrWJL.iq7Zg/luvgRq49jQUKdbOI5uGTGdTqq', 'eyJhbGciOiJIUzI1NiIsInR5cCI6IkpXVCJ9.eyJkYXRhIjp7InRhaUtob2FuIjoic2FuZ3BodW5nMTIzNCIsImVtYWlsIjoic2FuZ3BodW5nMTIzNEBnbWFpbC5jb20iLCJtYUxvYWlOZ3VvaUR1bmciOiJLaGFjaEhhbmciLCJrZXkiOjE3MDU0Mjk0MjMxODR9LCJpYXQiOjE3MDU0Mjk0MjMsImV4cCI6MTcwNjI5MzQyM30.24fAFC2HL62CIu6FIm4cPpWZytB1dB4eqn3ifec5qoI'),
('thangnguyen1234', 'Nguyễn Thị Hoa Thắng', 'thangnguyen1234@gmail.com', '0974777777', 'Admin', '$2b$10$5VXfTALX2/24vbGQrfvzkevMUcfGZf8jlNb0JyNk/jWYGxGW4lmxO', 'eyJhbGciOiJIUzI1NiIsInR5cCI6IkpXVCJ9.eyJkYXRhIjp7InRhaUtob2FuIjoidGhhbmduZ3V5ZW4xMjM0IiwiZW1haWwiOiJ0aGFuZ25ndXllbjEyMzRAZ21haWwuY29tIiwibWFMb2FpTmd1b2lEdW5nIjoiQWRtaW4iLCJrZXkiOjE3MDU5ODIzNzA5NDB9LCJpYXQiOjE3MDU5ODIzNzAsImV4cCI6MTcwNjg0NjM3MH0.9JOCwE-K-RYCvAGfSLaqKJhqLupzq4hIVrgS4fimNiQ');

INSERT INTO `Phim` (`maPhim`, `tenPhim`, `biDanh`, `trailer`, `hinhAnh`, `moTa`, `maNhom`, `ngayKhoiChieu`, `danhGia`, `hot`, `dangChieu`, `sapChieu`) VALUES
(1282, 'Bàn tay diệt Quỷ', 'Ban tay diet quy', 'https://www.youtube.com/watch?v=8jraVtX821Q', 'https://movienew.cybersoft.edu.vn/hinhanh/ban-tay-diet-quy.png', 'Sau khi bản thân bỗng nhiên sở hữu “Bàn tay diệt quỷ”, võ sĩ MMA Yong Hoo (Park Seo Joon thủ vai) đã dấn thân vào hành trình trừ tà, trục quỷ đối đầu với Giám Mục Bóng Tối (Woo Do Hwan) – tên quỷ Satan đột lốt người. Từ đó sự thật về cái chết của cha Yong Hoo cũng dần được hé lộ cũng như nguyên nhân anh trở thành “người được chọn”.', 'GP01', '2021-05-01 00:00:00', 7, 1, 1, 0),
(1283, 'Lật Mặt', 'Lat Mat', 'https://www.youtube.com/watch?v=ZFoIBlb5BDw', 'https://movienew.cybersoft.edu.vn/hinhanh/lat-mat-48h.png', 'OFFICIAL TRAILER Phim điện ảnh LẬT MẶT phần 4 - Dự kiến khởi chiếu tháng 15/5/2015 - www.facebook.com/latmatmovie . Thể loại: Hành Động . Độ dài: 90 phút Diễn viên Kim Xuân, Lý Hải, diễn viên hài Trường Giang, Võ Thành Tâm, LâMinh Thắng, Việt Anh, Phi Phụng, Hoàng Sơn, Cát Phượng, Long Đẹp Trai, Hứa Minh Đạt, Quách Ngọc Tuyên, Trọng Hải, Nam Thư, Tiết Cương, Linh Napie, Mỹ Hoà...', 'GP01', '2021-05-01 00:00:00', 7, 1, 1, 0),
(1329, 'Bố Già', 'Bo Gia', 'https://youtu.be/jluSu8Rw6YE?si=bZ-S-Qx-SYxQe17e', 'https://movienew.cybersoft.edu.vn/hinhanh/bo-gia_gp01.jpg', 'MỘT GIA ĐÌNH ỒN ÀO, MỘT GIA TỘC XÁO XÀO TRONG MỘT KHU XÓM TÀO LAO', 'GP01', '2021-05-01 00:00:00', 5, 1, 1, 0),
(1374, 'Wrath Of Man - 2', 'Wrarh Of Man - 2', 'https://youtu.be/jhdzX-t8xOA?si=eUejwY6Vv2gIbLWv', 'https://movienew.cybersoft.edu.vn/hinhanh/wrath-of-man-2_gp01.jpeg', 'WRATH OF MAN Trailer 2 (NEW 2021) Jason Statham, Guy Ritchie Action Movie HD', 'GP01', '2021-05-01 00:00:00', 8, 1, 1, 0),
(4661, 'Joker', 'Joker', 'https://youtu.be/zAGVQLHvwOY?si=OyzkBxd5hpHp0THJ', 'https://movienew.cybersoft.edu.vn/hinhanh/joker_gp01.jpg', 'Storyline: In Gotham City, mentally troubled comedian Arthur Fleck is disregarded and mistreated by society. He then embarks on a downward spiral of revolution and bloody crime. This path brings him face-to-face with his alter-ego: the Joker', 'GP01', '2021-05-01 00:00:00', 7, 1, 1, 0),
(4666, 'Joker', 'Joker', 'https://youtu.be/zAGVQLHvwOY?si=OyzkBxd5hpHp0THJ', 'https://movienew.cybersoft.edu.vn/hinhanh/joker_gp01.jpg', 'Storyline: In Gotham City, mentally troubled comedian Arthur Fleck is disregarded and mistreated by society. He then embarks on a downward spiral of revolution and bloody crime. This path brings him face-to-face with his alter-ego: the Joker', 'GP01', '2021-05-01 00:00:00', 6, 0, 0, 0),
(13660, 'khá bảnh', 'kha-banh', 'Aspernatur id quia', 'https://movienew.cybersoft.edu.vn/hinhanh/kha-banh_gp01.jpeg', 'Necessitatibus delen', 'GP01', '2024-01-09 00:00:00', 5, 1, 1, 1),
(13665, 'khá bảnh', 'kha-banh', 'Aspernatur id quia', 'https://movienew.cybersoft.edu.vn/hinhanh/kha-banh_gp01.jpeg', 'Est dolor sit corrup', 'GP01', '2024-01-09 00:00:00', 5, 1, 1, 1),
(13666, 'khá bảnh', 'kha-banh', '121213', 'https://movienew.cybersoft.edu.vn/hinhanh/kha-banh_gp01.jpeg', 'Lorem omnis placeat', 'GP01', '2024-01-09 00:00:00', 5, 1, 0, 1),
(13668, 'Bông dưng trúng số', 'bong-dung-trung-so', '', 'https://movienew.cybersoft.edu.vn/hinhanh/bong-dung-trung-so_gp01.jpg', 'Hai người nhặt được vé số trúng', 'GP01', '2024-01-09 00:00:00', 10, 1, 1, 1),
(13685, 'Mai - 2024', 'mai-2024', 'https://www.youtube.com/watch?v=EX6clvId19s&pp=ygULdHJhaWxlciBtYWk%3D', 'https://movienew.cybersoft.edu.vn/hinhanh/mai-2024_gp01.jpg', 'MAI xoay quanh câu chuyện về cuộc đời của một người phụ nữ cùng tên với bộ phim. Trên First-look Poster, Phương Anh Đào tạo ấn tượng mạnh với cái nhìn tĩnh lặng, xuyên thấu, đặc biệt, trên bờ môi nữ diễn viên là hình ảnh cô đang nằm nghiêng trên mặt nước. Được phủ một màn sương mờ ảo, poster đậm chất nghệ thuật của Mai gây tò mò với lời tựa: “Quá khứ chưa ngủ yên, ngày mai liệu sẽ đến?', 'GP01', '2024-01-11 00:00:00', 9, 1, 1, 1),
(13686, NULL, NULL, NULL, NULL, NULL, NULL, NULL, NULL, NULL, NULL, NULL);

INSERT INTO `RapPhim` (`maRap`, `tenRap`, `maCumRap`) VALUES
(451, 'Rạp 1', 'bhd-star-cineplex-3-2'),
(452, 'Rạp 2', 'bhd-star-cineplex-3-2'),
(453, 'Rạp 3', 'bhd-star-cineplex-3-2'),
(454, 'Rạp 4', 'bhd-star-cineplex-3-2'),
(455, 'Rạp 5', 'bhd-star-cineplex-3-2'),
(456, 'Rạp 6', 'bhd-star-cineplex-3-2'),
(457, 'Rạp 7', 'bhd-star-cineplex-3-2'),
(458, 'Rạp 8', 'bhd-star-cineplex-3-2'),
(459, 'Rạp 9', 'bhd-star-cineplex-3-2'),
(460, 'Rạp 10', 'bhd-star-cineplex-3-2'),
(461, 'Rạp 1', 'bhd-star-cineplex-bitexco'),
(462, 'Rạp 2', 'bhd-star-cineplex-bitexco'),
(463, 'Rạp 3', 'bhd-star-cineplex-bitexco'),
(464, 'Rạp 4', 'bhd-star-cineplex-bitexco'),
(465, 'Rạp 5', 'bhd-star-cineplex-bitexco'),
(466, 'Rạp 6', 'bhd-star-cineplex-bitexco'),
(467, 'Rạp 7', 'bhd-star-cineplex-bitexco'),
(468, 'Rạp 8', 'bhd-star-cineplex-bitexco'),
(469, 'Rạp 9', 'bhd-star-cineplex-bitexco'),
(470, 'Rạp 10', 'bhd-star-cineplex-bitexco'),
(471, 'Rạp 1', 'bhd-star-cineplex-pham-hung'),
(472, 'Rạp 2', 'bhd-star-cineplex-pham-hung'),
(473, 'Rạp 3', 'bhd-star-cineplex-pham-hung'),
(474, 'Rạp 4', 'bhd-star-cineplex-pham-hung'),
(475, 'Rạp 5', 'bhd-star-cineplex-pham-hung'),
(476, 'Rạp 6', 'bhd-star-cineplex-pham-hung'),
(477, 'Rạp 7', 'bhd-star-cineplex-pham-hung'),
(478, 'Rạp 8', 'bhd-star-cineplex-pham-hung'),
(479, 'Rạp 9', 'bhd-star-cineplex-pham-hung'),
(480, 'Rạp 10', 'bhd-star-cineplex-pham-hung'),
(481, 'Rạp 1', 'bhd-star-cineplex-vincom-le-van-viet'),
(482, 'Rạp 2', 'bhd-star-cineplex-vincom-le-van-viet'),
(483, 'Rạp 3', 'bhd-star-cineplex-vincom-le-van-viet'),
(484, 'Rạp 4', 'bhd-star-cineplex-vincom-le-van-viet'),
(485, 'Rạp 5', 'bhd-star-cineplex-vincom-le-van-viet'),
(486, 'Rạp 6', 'bhd-star-cineplex-vincom-le-van-viet'),
(487, 'Rạp 7', 'bhd-star-cineplex-vincom-le-van-viet'),
(488, 'Rạp 8', 'bhd-star-cineplex-vincom-le-van-viet'),
(489, 'Rạp 9', 'bhd-star-cineplex-vincom-le-van-viet'),
(490, 'Rạp 10', 'bhd-star-cineplex-vincom-le-van-viet'),
(491, 'Rạp 1', 'bhd-star-cineplex-vincom-quang-trung'),
(492, 'Rạp 2', 'bhd-star-cineplex-vincom-quang-trung'),
(493, 'Rạp 3', 'bhd-star-cineplex-vincom-quang-trung'),
(494, 'Rạp 4', 'bhd-star-cineplex-vincom-quang-trung'),
(495, 'Rạp 5', 'bhd-star-cineplex-vincom-quang-trung'),
(496, 'Rạp 6', 'bhd-star-cineplex-vincom-quang-trung'),
(497, 'Rạp 7', 'bhd-star-cineplex-vincom-quang-trung'),
(498, 'Rạp 8', 'bhd-star-cineplex-vincom-quang-trung'),
(499, 'Rạp 9', 'bhd-star-cineplex-vincom-quang-trung'),
(500, 'Rạp 10', 'bhd-star-cineplex-vincom-quang-trung'),
(501, 'Rạp 1', 'bhd-star-cineplex-vincom-thao-dien'),
(502, 'Rạp 2', 'bhd-star-cineplex-vincom-thao-dien'),
(503, 'Rạp 3', 'bhd-star-cineplex-vincom-thao-dien'),
(504, 'Rạp 4', 'bhd-star-cineplex-vincom-thao-dien'),
(505, 'Rạp 5', 'bhd-star-cineplex-vincom-thao-dien'),
(506, 'Rạp 6', 'bhd-star-cineplex-vincom-thao-dien'),
(507, 'Rạp 7', 'bhd-star-cineplex-vincom-thao-dien'),
(508, 'Rạp 8', 'bhd-star-cineplex-vincom-thao-dien'),
(509, 'Rạp 9', 'bhd-star-cineplex-vincom-thao-dien'),
(510, 'Rạp 10', 'bhd-star-cineplex-vincom-thao-dien'),
(511, 'Rạp 1', 'cgv-aeon-binh-tan'),
(512, 'Rạp 2', 'cgv-aeon-binh-tan'),
(513, 'Rạp 3', 'cgv-aeon-binh-tan'),
(514, 'Rạp 4', 'cgv-aeon-binh-tan'),
(515, 'Rạp 5', 'cgv-aeon-binh-tan'),
(516, 'Rạp 6', 'cgv-aeon-binh-tan'),
(517, 'Rạp 7', 'cgv-aeon-binh-tan'),
(518, 'Rạp 8', 'cgv-aeon-binh-tan'),
(519, 'Rạp 9', 'cgv-aeon-binh-tan'),
(520, 'Rạp 10', 'cgv-aeon-binh-tan'),
(521, 'Rạp 1', 'cgv-aeon-tan-phu'),
(522, 'Rạp 2', 'cgv-aeon-tan-phu'),
(523, 'Rạp 3', 'cgv-aeon-tan-phu'),
(524, 'Rạp 4', 'cgv-aeon-tan-phu'),
(525, 'Rạp 5', 'cgv-aeon-tan-phu'),
(526, 'Rạp 6', 'cgv-aeon-tan-phu'),
(527, 'Rạp 7', 'cgv-aeon-tan-phu'),
(528, 'Rạp 8', 'cgv-aeon-tan-phu'),
(529, 'Rạp 9', 'cgv-aeon-tan-phu'),
(530, 'Rạp 10', 'cgv-aeon-tan-phu'),
(531, 'Rạp 1', 'cgv-cgv-saigonres-nguyen-xi'),
(532, 'Rạp 2', 'cgv-cgv-saigonres-nguyen-xi'),
(533, 'Rạp 3', 'cgv-cgv-saigonres-nguyen-xi'),
(534, 'Rạp 4', 'cgv-cgv-saigonres-nguyen-xi'),
(535, 'Rạp 5', 'cgv-cgv-saigonres-nguyen-xi'),
(536, 'Rạp 6', 'cgv-cgv-saigonres-nguyen-xi'),
(537, 'Rạp 7', 'cgv-cgv-saigonres-nguyen-xi'),
(538, 'Rạp 8', 'cgv-cgv-saigonres-nguyen-xi'),
(539, 'Rạp 9', 'cgv-cgv-saigonres-nguyen-xi'),
(540, 'Rạp 10', 'cgv-cgv-saigonres-nguyen-xi'),
(541, 'Rạp 1', 'cgv-crescent-mall'),
(542, 'Rạp 2', 'cgv-crescent-mall'),
(543, 'Rạp 3', 'cgv-crescent-mall'),
(544, 'Rạp 4', 'cgv-crescent-mall'),
(545, 'Rạp 5', 'cgv-crescent-mall'),
(546, 'Rạp 6', 'cgv-crescent-mall'),
(547, 'Rạp 7', 'cgv-crescent-mall'),
(548, 'Rạp 8', 'cgv-crescent-mall'),
(549, 'Rạp 9', 'cgv-crescent-mall'),
(550, 'Rạp 10', 'cgv-crescent-mall'),
(551, 'Rạp 1', 'cgv-ct-plaza'),
(552, 'Rạp 2', 'cgv-ct-plaza'),
(553, 'Rạp 3', 'cgv-ct-plaza'),
(554, 'Rạp 4', 'cgv-ct-plaza'),
(555, 'Rạp 5', 'cgv-ct-plaza'),
(556, 'Rạp 6', 'cgv-ct-plaza'),
(557, 'Rạp 7', 'cgv-ct-plaza'),
(558, 'Rạp 8', 'cgv-ct-plaza'),
(559, 'Rạp 9', 'cgv-ct-plaza'),
(560, 'Rạp 10', 'cgv-ct-plaza'),
(561, 'Rạp 1', 'cgv-golden-plaza'),
(562, 'Rạp 2', 'cgv-golden-plaza'),
(563, 'Rạp 3', 'cgv-golden-plaza'),
(564, 'Rạp 4', 'cgv-golden-plaza'),
(565, 'Rạp 5', 'cgv-golden-plaza'),
(566, 'Rạp 6', 'cgv-golden-plaza'),
(567, 'Rạp 7', 'cgv-golden-plaza'),
(568, 'Rạp 8', 'cgv-golden-plaza'),
(569, 'Rạp 9', 'cgv-golden-plaza'),
(570, 'Rạp 10', 'cgv-golden-plaza'),
(571, 'Rạp 1', 'cgv-hoang-van-thu'),
(572, 'Rạp 2', 'cgv-hoang-van-thu'),
(573, 'Rạp 3', 'cgv-hoang-van-thu'),
(574, 'Rạp 4', 'cgv-hoang-van-thu'),
(575, 'Rạp 5', 'cgv-hoang-van-thu'),
(576, 'Rạp 6', 'cgv-hoang-van-thu'),
(577, 'Rạp 7', 'cgv-hoang-van-thu'),
(578, 'Rạp 8', 'cgv-hoang-van-thu'),
(579, 'Rạp 9', 'cgv-hoang-van-thu'),
(580, 'Rạp 10', 'cgv-hoang-van-thu'),
(581, 'Rạp 1', 'cgv-hung-vuong-plaza'),
(582, 'Rạp 2', 'cgv-hung-vuong-plaza'),
(583, 'Rạp 3', 'cgv-hung-vuong-plaza'),
(584, 'Rạp 4', 'cgv-hung-vuong-plaza'),
(585, 'Rạp 5', 'cgv-hung-vuong-plaza'),
(586, 'Rạp 6', 'cgv-hung-vuong-plaza'),
(587, 'Rạp 7', 'cgv-hung-vuong-plaza'),
(588, 'Rạp 8', 'cgv-hung-vuong-plaza'),
(589, 'Rạp 9', 'cgv-hung-vuong-plaza'),
(590, 'Rạp 10', 'cgv-hung-vuong-plaza'),
(591, 'Rạp 1', 'cgv-imc-tran-quang-khai'),
(592, 'Rạp 2', 'cgv-imc-tran-quang-khai'),
(593, 'Rạp 3', 'cgv-imc-tran-quang-khai'),
(594, 'Rạp 4', 'cgv-imc-tran-quang-khai'),
(595, 'Rạp 5', 'cgv-imc-tran-quang-khai'),
(596, 'Rạp 6', 'cgv-imc-tran-quang-khai'),
(597, 'Rạp 7', 'cgv-imc-tran-quang-khai'),
(598, 'Rạp 8', 'cgv-imc-tran-quang-khai'),
(599, 'Rạp 9', 'cgv-imc-tran-quang-khai'),
(600, 'Rạp 10', 'cgv-imc-tran-quang-khai'),
(601, 'Rạp 1', 'cgv-liberty-citypoint'),
(602, 'Rạp 2', 'cgv-liberty-citypoint'),
(603, 'Rạp 3', 'cgv-liberty-citypoint'),
(604, 'Rạp 4', 'cgv-liberty-citypoint'),
(605, 'Rạp 5', 'cgv-liberty-citypoint'),
(606, 'Rạp 6', 'cgv-liberty-citypoint'),
(607, 'Rạp 7', 'cgv-liberty-citypoint'),
(608, 'Rạp 8', 'cgv-liberty-citypoint'),
(609, 'Rạp 9', 'cgv-liberty-citypoint'),
(610, 'Rạp 10', 'cgv-liberty-citypoint'),
(611, 'Rạp 1', 'cgv-pandora-city'),
(612, 'Rạp 2', 'cgv-pandora-city'),
(613, 'Rạp 3', 'cgv-pandora-city'),
(614, 'Rạp 4', 'cgv-pandora-city'),
(615, 'Rạp 5', 'cgv-pandora-city'),
(616, 'Rạp 6', 'cgv-pandora-city'),
(617, 'Rạp 7', 'cgv-pandora-city'),
(618, 'Rạp 8', 'cgv-pandora-city'),
(619, 'Rạp 9', 'cgv-pandora-city'),
(620, 'Rạp 10', 'cgv-pandora-city'),
(621, 'Rạp 1', 'cgv-paragon'),
(622, 'Rạp 2', 'cgv-paragon'),
(623, 'Rạp 3', 'cgv-paragon'),
(624, 'Rạp 4', 'cgv-paragon'),
(625, 'Rạp 5', 'cgv-paragon'),
(626, 'Rạp 6', 'cgv-paragon'),
(627, 'Rạp 7', 'cgv-paragon'),
(628, 'Rạp 8', 'cgv-paragon'),
(629, 'Rạp 9', 'cgv-paragon'),
(630, 'Rạp 10', 'cgv-paragon'),
(631, 'Rạp 1', 'cgv-parkson-dong-khoi'),
(632, 'Rạp 2', 'cgv-parkson-dong-khoi'),
(633, 'Rạp 3', 'cgv-parkson-dong-khoi'),
(634, 'Rạp 4', 'cgv-parkson-dong-khoi'),
(635, 'Rạp 5', 'cgv-parkson-dong-khoi'),
(636, 'Rạp 6', 'cgv-parkson-dong-khoi'),
(637, 'Rạp 7', 'cgv-parkson-dong-khoi'),
(638, 'Rạp 8', 'cgv-parkson-dong-khoi'),
(639, 'Rạp 9', 'cgv-parkson-dong-khoi'),
(640, 'Rạp 10', 'cgv-parkson-dong-khoi'),
(641, 'Rạp 1', 'cgv-pearl-plaza'),
(642, 'Rạp 2', 'cgv-pearl-plaza'),
(643, 'Rạp 3', 'cgv-pearl-plaza'),
(644, 'Rạp 4', 'cgv-pearl-plaza'),
(645, 'Rạp 5', 'cgv-pearl-plaza'),
(646, 'Rạp 6', 'cgv-pearl-plaza'),
(647, 'Rạp 7', 'cgv-pearl-plaza'),
(648, 'Rạp 8', 'cgv-pearl-plaza'),
(649, 'Rạp 9', 'cgv-pearl-plaza'),
(650, 'Rạp 10', 'cgv-pearl-plaza'),
(651, 'Rạp 1', 'cgv-satra-cu-chi'),
(652, 'Rạp 2', 'cgv-satra-cu-chi'),
(653, 'Rạp 3', 'cgv-satra-cu-chi'),
(654, 'Rạp 4', 'cgv-satra-cu-chi'),
(655, 'Rạp 5', 'cgv-satra-cu-chi'),
(656, 'Rạp 6', 'cgv-satra-cu-chi'),
(657, 'Rạp 7', 'cgv-satra-cu-chi'),
(658, 'Rạp 8', 'cgv-satra-cu-chi'),
(659, 'Rạp 9', 'cgv-satra-cu-chi'),
(660, 'Rạp 10', 'cgv-satra-cu-chi'),
(661, 'Rạp 1', 'cgv-su-van-hanh'),
(662, 'Rạp 2', 'cgv-su-van-hanh'),
(663, 'Rạp 3', 'cgv-su-van-hanh'),
(664, 'Rạp 4', 'cgv-su-van-hanh'),
(665, 'Rạp 5', 'cgv-su-van-hanh'),
(666, 'Rạp 6', 'cgv-su-van-hanh'),
(667, 'Rạp 7', 'cgv-su-van-hanh'),
(668, 'Rạp 8', 'cgv-su-van-hanh'),
(669, 'Rạp 9', 'cgv-su-van-hanh'),
(670, 'Rạp 10', 'cgv-su-van-hanh'),
(671, 'Rạp 1', 'cgv-vincom-dong-khoi'),
(672, 'Rạp 2', 'cgv-vincom-dong-khoi'),
(673, 'Rạp 3', 'cgv-vincom-dong-khoi'),
(674, 'Rạp 4', 'cgv-vincom-dong-khoi'),
(675, 'Rạp 5', 'cgv-vincom-dong-khoi'),
(676, 'Rạp 6', 'cgv-vincom-dong-khoi'),
(677, 'Rạp 7', 'cgv-vincom-dong-khoi'),
(678, 'Rạp 8', 'cgv-vincom-dong-khoi'),
(679, 'Rạp 9', 'cgv-vincom-dong-khoi'),
(680, 'Rạp 10', 'cgv-vincom-dong-khoi'),
(681, 'Rạp 1', 'cgv-vincom-go-vap'),
(682, 'Rạp 2', 'cgv-vincom-go-vap'),
(683, 'Rạp 3', 'cgv-vincom-go-vap'),
(684, 'Rạp 4', 'cgv-vincom-go-vap'),
(685, 'Rạp 5', 'cgv-vincom-go-vap'),
(686, 'Rạp 6', 'cgv-vincom-go-vap'),
(687, 'Rạp 7', 'cgv-vincom-go-vap'),
(688, 'Rạp 8', 'cgv-vincom-go-vap'),
(689, 'Rạp 9', 'cgv-vincom-go-vap'),
(690, 'Rạp 10', 'cgv-vincom-go-vap'),
(691, 'Rạp 1', 'cgv-vincom-landmark-81'),
(692, 'Rạp 2', 'cgv-vincom-landmark-81'),
(693, 'Rạp 3', 'cgv-vincom-landmark-81'),
(694, 'Rạp 4', 'cgv-vincom-landmark-81'),
(695, 'Rạp 5', 'cgv-vincom-landmark-81'),
(696, 'Rạp 6', 'cgv-vincom-landmark-81'),
(697, 'Rạp 7', 'cgv-vincom-landmark-81'),
(698, 'Rạp 8', 'cgv-vincom-landmark-81'),
(699, 'Rạp 9', 'cgv-vincom-landmark-81'),
(700, 'Rạp 10', 'cgv-vincom-landmark-81'),
(701, 'Rạp 1', 'cgv-vincom-thu-duc'),
(702, 'Rạp 2', 'cgv-vincom-thu-duc'),
(703, 'Rạp 3', 'cgv-vincom-thu-duc'),
(704, 'Rạp 4', 'cgv-vincom-thu-duc'),
(705, 'Rạp 5', 'cgv-vincom-thu-duc'),
(706, 'Rạp 6', 'cgv-vincom-thu-duc'),
(707, 'Rạp 7', 'cgv-vincom-thu-duc'),
(708, 'Rạp 8', 'cgv-vincom-thu-duc'),
(709, 'Rạp 9', 'cgv-vincom-thu-duc'),
(710, 'Rạp 10', 'cgv-vincom-thu-duc'),
(711, 'Rạp 1', 'cgv-vivocity'),
(712, 'Rạp 2', 'cgv-vivocity'),
(713, 'Rạp 3', 'cgv-vivocity'),
(714, 'Rạp 4', 'cgv-vivocity'),
(715, 'Rạp 5', 'cgv-vivocity'),
(716, 'Rạp 6', 'cgv-vivocity'),
(717, 'Rạp 7', 'cgv-vivocity'),
(718, 'Rạp 8', 'cgv-vivocity'),
(719, 'Rạp 9', 'cgv-vivocity'),
(720, 'Rạp 10', 'cgv-vivocity'),
(721, 'Rạp 1', 'cns-hai-ba-trung'),
(722, 'Rạp 2', 'cns-hai-ba-trung'),
(723, 'Rạp 3', 'cns-hai-ba-trung'),
(724, 'Rạp 4', 'cns-hai-ba-trung'),
(725, 'Rạp 5', 'cns-hai-ba-trung'),
(726, 'Rạp 6', 'cns-hai-ba-trung'),
(727, 'Rạp 7', 'cns-hai-ba-trung'),
(728, 'Rạp 8', 'cns-hai-ba-trung'),
(729, 'Rạp 9', 'cns-hai-ba-trung'),
(730, 'Rạp 10', 'cns-hai-ba-trung'),
(731, 'Rạp 1', 'cns-quoc-thanh'),
(732, 'Rạp 2', 'cns-quoc-thanh'),
(733, 'Rạp 3', 'cns-quoc-thanh'),
(734, 'Rạp 4', 'cns-quoc-thanh'),
(735, 'Rạp 5', 'cns-quoc-thanh'),
(736, 'Rạp 6', 'cns-quoc-thanh'),
(737, 'Rạp 7', 'cns-quoc-thanh'),
(738, 'Rạp 8', 'cns-quoc-thanh'),
(739, 'Rạp 9', 'cns-quoc-thanh'),
(740, 'Rạp 10', 'cns-quoc-thanh'),
(741, 'Rạp 1', 'glx-huynh-tan-phat'),
(742, 'Rạp 2', 'glx-huynh-tan-phat'),
(743, 'Rạp 3', 'glx-huynh-tan-phat'),
(744, 'Rạp 4', 'glx-huynh-tan-phat'),
(745, 'Rạp 5', 'glx-huynh-tan-phat'),
(746, 'Rạp 6', 'glx-huynh-tan-phat'),
(747, 'Rạp 7', 'glx-huynh-tan-phat'),
(748, 'Rạp 8', 'glx-huynh-tan-phat'),
(749, 'Rạp 9', 'glx-huynh-tan-phat'),
(750, 'Rạp 10', 'glx-huynh-tan-phat'),
(751, 'Rạp 1', 'glx-kinh-duong-vuong'),
(752, 'Rạp 2', 'glx-kinh-duong-vuong'),
(753, 'Rạp 3', 'glx-kinh-duong-vuong'),
(754, 'Rạp 4', 'glx-kinh-duong-vuong'),
(755, 'Rạp 5', 'glx-kinh-duong-vuong'),
(756, 'Rạp 6', 'glx-kinh-duong-vuong'),
(757, 'Rạp 7', 'glx-kinh-duong-vuong'),
(758, 'Rạp 8', 'glx-kinh-duong-vuong'),
(759, 'Rạp 9', 'glx-kinh-duong-vuong'),
(760, 'Rạp 10', 'glx-kinh-duong-vuong'),
(761, 'Rạp 1', 'glx-nguyen-du'),
(762, 'Rạp 2', 'glx-nguyen-du'),
(763, 'Rạp 3', 'glx-nguyen-du'),
(764, 'Rạp 4', 'glx-nguyen-du'),
(765, 'Rạp 5', 'glx-nguyen-du'),
(766, 'Rạp 6', 'glx-nguyen-du'),
(767, 'Rạp 7', 'glx-nguyen-du'),
(768, 'Rạp 8', 'glx-nguyen-du'),
(769, 'Rạp 9', 'glx-nguyen-du'),
(770, 'Rạp 10', 'glx-nguyen-du'),
(771, 'Rạp 1', 'glx-nguyen-van-qua'),
(772, 'Rạp 2', 'glx-nguyen-van-qua'),
(773, 'Rạp 3', 'glx-nguyen-van-qua'),
(774, 'Rạp 4', 'glx-nguyen-van-qua'),
(775, 'Rạp 5', 'glx-nguyen-van-qua'),
(776, 'Rạp 6', 'glx-nguyen-van-qua'),
(777, 'Rạp 7', 'glx-nguyen-van-qua'),
(778, 'Rạp 8', 'glx-nguyen-van-qua'),
(779, 'Rạp 9', 'glx-nguyen-van-qua'),
(780, 'Rạp 10', 'glx-nguyen-van-qua'),
(781, 'Rạp 1', 'glx-pham-van-chi'),
(782, 'Rạp 2', 'glx-pham-van-chi'),
(783, 'Rạp 3', 'glx-pham-van-chi'),
(784, 'Rạp 4', 'glx-pham-van-chi'),
(785, 'Rạp 5', 'glx-pham-van-chi'),
(786, 'Rạp 6', 'glx-pham-van-chi'),
(787, 'Rạp 7', 'glx-pham-van-chi'),
(788, 'Rạp 8', 'glx-pham-van-chi'),
(789, 'Rạp 9', 'glx-pham-van-chi'),
(790, 'Rạp 10', 'glx-pham-van-chi'),
(791, 'Rạp 1', 'glx-quang-trung'),
(792, 'Rạp 2', 'glx-quang-trung'),
(793, 'Rạp 3', 'glx-quang-trung'),
(794, 'Rạp 4', 'glx-quang-trung'),
(795, 'Rạp 5', 'glx-quang-trung'),
(796, 'Rạp 6', 'glx-quang-trung'),
(797, 'Rạp 7', 'glx-quang-trung'),
(798, 'Rạp 8', 'glx-quang-trung'),
(799, 'Rạp 9', 'glx-quang-trung'),
(800, 'Rạp 10', 'glx-quang-trung'),
(801, 'Rạp 1', 'glx-quang-trung'),
(802, 'Rạp 2', 'glx-quang-trung'),
(803, 'Rạp 3', 'glx-quang-trung'),
(804, 'Rạp 4', 'glx-quang-trung'),
(805, 'Rạp 5', 'glx-quang-trung'),
(806, 'Rạp 6', 'glx-quang-trung'),
(807, 'Rạp 7', 'glx-quang-trung'),
(808, 'Rạp 8', 'glx-quang-trung'),
(809, 'Rạp 9', 'glx-quang-trung'),
(810, 'Rạp 10', 'glx-quang-trung'),
(811, 'Rạp 1', 'glx-trung-chanh'),
(812, 'Rạp 2', 'glx-trung-chanh'),
(813, 'Rạp 3', 'glx-trung-chanh'),
(814, 'Rạp 4', 'glx-trung-chanh'),
(815, 'Rạp 5', 'glx-trung-chanh'),
(816, 'Rạp 6', 'glx-trung-chanh'),
(817, 'Rạp 7', 'glx-trung-chanh'),
(818, 'Rạp 8', 'glx-trung-chanh'),
(819, 'Rạp 9', 'glx-trung-chanh'),
(820, 'Rạp 10', 'glx-trung-chanh'),
(821, 'Rạp 1', 'lotte-cantavil'),
(822, 'Rạp 2', 'lotte-cantavil'),
(823, 'Rạp 3', 'lotte-cantavil'),
(824, 'Rạp 4', 'lotte-cantavil'),
(825, 'Rạp 5', 'lotte-cantavil'),
(826, 'Rạp 6', 'lotte-cantavil'),
(827, 'Rạp 7', 'lotte-cantavil'),
(828, 'Rạp 8', 'lotte-cantavil'),
(829, 'Rạp 9', 'lotte-cantavil'),
(830, 'Rạp 10', 'lotte-cantavil'),
(831, 'Rạp 1', 'lotte-cong-hoa'),
(832, 'Rạp 2', 'lotte-cong-hoa'),
(833, 'Rạp 3', 'lotte-cong-hoa'),
(834, 'Rạp 4', 'lotte-cong-hoa'),
(835, 'Rạp 5', 'lotte-cong-hoa'),
(836, 'Rạp 6', 'lotte-cong-hoa'),
(837, 'Rạp 7', 'lotte-cong-hoa'),
(838, 'Rạp 8', 'lotte-cong-hoa'),
(839, 'Rạp 9', 'lotte-cong-hoa'),
(840, 'Rạp 10', 'lotte-cong-hoa'),
(841, 'Rạp 1', 'lotte-diamond'),
(842, 'Rạp 2', 'lotte-diamond'),
(843, 'Rạp 3', 'lotte-diamond'),
(844, 'Rạp 4', 'lotte-diamond'),
(845, 'Rạp 5', 'lotte-diamond'),
(846, 'Rạp 6', 'lotte-diamond'),
(847, 'Rạp 7', 'lotte-diamond'),
(848, 'Rạp 8', 'lotte-diamond'),
(849, 'Rạp 9', 'lotte-diamond'),
(850, 'Rạp 10', 'lotte-diamond'),
(851, 'Rạp 1', 'lotte-go-vap'),
(852, 'Rạp 2', 'lotte-go-vap'),
(853, 'Rạp 3', 'lotte-go-vap'),
(854, 'Rạp 4', 'lotte-go-vap'),
(855, 'Rạp 5', 'lotte-go-vap'),
(856, 'Rạp 6', 'lotte-go-vap'),
(857, 'Rạp 7', 'lotte-go-vap'),
(858, 'Rạp 8', 'lotte-go-vap'),
(859, 'Rạp 9', 'lotte-go-vap'),
(860, 'Rạp 10', 'lotte-go-vap'),
(861, 'Rạp 1', 'lotte-nam-sai-gon'),
(862, 'Rạp 2', 'lotte-nam-sai-gon'),
(863, 'Rạp 3', 'lotte-nam-sai-gon'),
(864, 'Rạp 4', 'lotte-nam-sai-gon'),
(865, 'Rạp 5', 'lotte-nam-sai-gon'),
(866, 'Rạp 6', 'lotte-nam-sai-gon'),
(867, 'Rạp 7', 'lotte-nam-sai-gon'),
(868, 'Rạp 8', 'lotte-nam-sai-gon'),
(869, 'Rạp 9', 'lotte-nam-sai-gon'),
(870, 'Rạp 10', 'lotte-nam-sai-gon'),
(871, 'Rạp 1', 'lotte-nowzone'),
(872, 'Rạp 2', 'lotte-nowzone'),
(873, 'Rạp 3', 'lotte-nowzone'),
(874, 'Rạp 4', 'lotte-nowzone'),
(875, 'Rạp 5', 'lotte-nowzone'),
(876, 'Rạp 6', 'lotte-nowzone'),
(877, 'Rạp 7', 'lotte-nowzone'),
(878, 'Rạp 8', 'lotte-nowzone'),
(879, 'Rạp 9', 'lotte-nowzone'),
(880, 'Rạp 10', 'lotte-nowzone'),
(881, 'Rạp 1', 'lotte-phu-tho'),
(882, 'Rạp 2', 'lotte-phu-tho'),
(883, 'Rạp 3', 'lotte-phu-tho'),
(884, 'Rạp 4', 'lotte-phu-tho'),
(885, 'Rạp 5', 'lotte-phu-tho'),
(886, 'Rạp 6', 'lotte-phu-tho'),
(887, 'Rạp 7', 'lotte-phu-tho'),
(888, 'Rạp 8', 'lotte-phu-tho'),
(889, 'Rạp 9', 'lotte-phu-tho'),
(890, 'Rạp 10', 'lotte-phu-tho'),
(891, 'Rạp 1', 'lotte-thu-duc'),
(892, 'Rạp 2', 'lotte-thu-duc'),
(893, 'Rạp 3', 'lotte-thu-duc'),
(894, 'Rạp 4', 'lotte-thu-duc'),
(895, 'Rạp 5', 'lotte-thu-duc'),
(896, 'Rạp 6', 'lotte-thu-duc'),
(897, 'Rạp 7', 'lotte-thu-duc'),
(898, 'Rạp 8', 'lotte-thu-duc'),
(899, 'Rạp 9', 'lotte-thu-duc'),
(900, 'Rạp 10', 'lotte-thu-duc'),
(901, 'Rạp 1', 'megags-cao-thang'),
(902, 'Rạp 2', 'megags-cao-thang'),
(903, 'Rạp 3', 'megags-cao-thang'),
(904, 'Rạp 4', 'megags-cao-thang'),
(905, 'Rạp 5', 'megags-cao-thang'),
(906, 'Rạp 6', 'megags-cao-thang'),
(907, 'Rạp 7', 'megags-cao-thang'),
(908, 'Rạp 8', 'megags-cao-thang'),
(909, 'Rạp 9', 'megags-cao-thang'),
(910, 'Rạp 10', 'megags-cao-thang');



/*!40101 SET SQL_MODE=@OLD_SQL_MODE */;
/*!40014 SET FOREIGN_KEY_CHECKS=@OLD_FOREIGN_KEY_CHECKS */;
/*!40014 SET UNIQUE_CHECKS=@OLD_UNIQUE_CHECKS */;
/*!40101 SET CHARACTER_SET_CLIENT=@OLD_CHARACTER_SET_CLIENT */;
/*!40101 SET CHARACTER_SET_RESULTS=@OLD_CHARACTER_SET_RESULTS */;
/*!40101 SET COLLATION_CONNECTION=@OLD_COLLATION_CONNECTION */;
/*!40111 SET SQL_NOTES=@OLD_SQL_NOTES */;